Songs,Loudness,Tempo,Duration,Hotness,Familiarity
5099,-10.379156893508528,123.88560207883961,250.1605310570697,0.2034323627026563,0.5815457836333461
